year,team,is_top_3,historical_top_3_finishes,matches_played,avg_scored,avg_conceded,win_percentage
1930,Belgium,0,0,33.0,1.9393939393939394,2.757575757575758,0.30303030303030304
1930,France,0,0,30.0,1.7333333333333334,3.2333333333333334,0.26666666666666666
1930,Brazil,0,0,0.0,0.0,0.0,0.0
1930,Peru,0,0,6.0,0.8333333333333334,3.8333333333333335,0.16666666666666666
1930,Argentina,1,0,27.0,2.814814814814815,0.9259259259259259,0.5925925925925926
1930,Chile,0,0,8.0,2.875,2.0,0.375
1930,Bolivia,0,0,7.0,0.7142857142857143,6.142857142857143,0.0
1930,Paraguay,0,0,11.0,2.090909090909091,2.727272727272727,0.36363636363636365
1930,Uruguay,1,0,27.0,2.2222222222222223,1.1481481481481481,0.5185185185185185
1934,Argentina,0,0,17.0,2.235294117647059,1.2352941176470589,0.5882352941176471
1934,Austria,0,0,36.0,3.0833333333333335,1.3888888888888888,0.6111111111111112
1934,Belgium,0,0,37.0,1.972972972972973,2.891891891891892,0.2702702702702703
1934,Brazil,0,0,8.0,2.625,1.5,0.75
1934,Czechoslovakia,1,0,35.0,1.8571428571428572,1.6571428571428573,0.45714285714285713
1934,Egypt,0,0,4.0,3.25,1.5,0.5
1934,Italy,1,0,30.0,2.533333333333333,1.0666666666666667,0.6333333333333333
1934,Netherlands,0,0,25.0,2.36,2.28,0.4
1934,Germany,1,0,28.0,2.5357142857142856,1.9285714285714286,0.4642857142857143
1938,Germany,0,0,50.0,2.92,1.34,0.7
1938,Brazil,1,0,10.0,2.5,2.6,0.4
1938,Cuba,0,0,12.0,1.75,2.5833333333333335,0.3333333333333333
1938,Czechoslovakia,0,0,36.0,2.111111111111111,1.8055555555555556,0.4722222222222222
1938,France,0,0,28.0,1.8928571428571428,2.0,0.42857142857142855
1938,Hungary,1,0,39.0,2.9743589743589745,2.230769230769231,0.5128205128205128
1938,Italy,1,0,26.0,2.423076923076923,1.1153846153846154,0.6538461538461539
1950,Brazil,1,0,22.0,3.590909090909091,1.5454545454545454,0.5909090909090909
1950,Chile,0,0,23.0,1.7391304347826086,2.0,0.43478260869565216
1950,Italy,0,1,14.0,2.2857142857142856,1.7857142857142858,0.6428571428571429
1950,Spain,0,0,14.0,2.142857142857143,1.7857142857142858,0.35714285714285715
1950,Switzerland,0,0,26.0,1.9230769230769231,2.769230769230769,0.3076923076923077
1950,Mexico,0,0,6.0,4.166666666666667,0.5,1.0
1950,England,0,0,34.0,3.2058823529411766,1.088235294117647,0.7058823529411765
1950,Paraguay,0,0,25.0,2.12,1.8,0.56
1950,Bolivia,0,0,22.0,1.2272727272727273,3.409090909090909,0.22727272727272727
1950,Sweden,1,0,27.0,3.4444444444444446,1.7407407407407407,0.6296296296296297
1954,Austria,1,0,29.0,2.689655172413793,1.5172413793103448,0.41379310344827586
1954,Brazil,0,1,26.0,2.769230769230769,1.0384615384615385,0.6923076923076923
1954,Czechoslovakia,0,0,19.0,1.5263157894736843,1.8421052631578947,0.3684210526315789
1954,France,0,0,29.0,2.310344827586207,1.6896551724137931,0.4482758620689655
1954,Belgium,0,0,33.0,2.272727272727273,2.1818181818181817,0.45454545454545453
1954,Germany,1,0,19.0,2.5789473684210527,1.1578947368421053,0.6842105263157895
1954,Hungary,1,0,27.0,4.037037037037037,1.1851851851851851,0.7407407407407407
1954,Switzerland,0,0,30.0,1.9666666666666666,2.9,0.23333333333333334
1954,Scotland,0,0,28.0,2.0714285714285716,1.3214285714285714,0.5357142857142857
1954,South Korea,0,0,15.0,2.6666666666666665,2.2,0.4666666666666667
1954,England,0,0,35.0,2.4571428571428573,1.6857142857142857,0.5428571428571428
1958,Argentina,0,0,43.0,2.0930232558139537,0.8372093023255814,0.627906976744186
1958,Austria,0,0,36.0,2.2777777777777777,1.8888888888888888,0.4722222222222222
1958,Czechoslovakia,0,0,26.0,1.7692307692307692,1.7307692307692308,0.5
1958,England,0,0,37.0,2.6216216216216215,1.4864864864864864,0.5945945945945946
1958,France,1,0,26.0,2.0,1.5,0.4230769230769231
1958,Hungary,0,1,47.0,3.3404255319148937,1.297872340425532,0.7021276595744681
1958,Scotland,0,0,31.0,1.6129032258064515,1.8709677419354838,0.3870967741935484
1958,Sweden,1,0,33.0,2.6363636363636362,1.7272727272727273,0.5151515151515151
1958,Brazil,1,1,53.0,2.1132075471698113,0.9811320754716981,0.6037735849056604
1958,Mexico,0,0,14.0,2.2857142857142856,1.2142857142857142,0.5
1958,Paraguay,0,0,35.0,1.542857142857143,1.8857142857142857,0.2857142857142857
1958,Germany,0,1,34.0,2.176470588235294,1.8529411764705883,0.5294117647058824
1962,Argentina,0,0,43.0,2.0232558139534884,1.4186046511627908,0.5581395348837209
1962,Brazil,1,2,52.0,2.6538461538461537,1.0,0.7884615384615384
1962,Chile,1,0,30.0,1.6,2.3333333333333335,0.3
1962,Colombia,0,0,7.0,1.0,1.0,0.2857142857142857
1962,Czechoslovakia,1,0,34.0,2.2941176470588234,1.2941176470588236,0.5588235294117647
1962,England,0,0,42.0,2.5476190476190474,1.5476190476190477,0.42857142857142855
1962,Germany,0,1,35.0,2.2285714285714286,1.3428571428571427,0.5142857142857142
1962,Russia,0,0,32.0,1.875,0.90625,0.71875
1962,Uruguay,0,1,30.0,1.8,1.7333333333333334,0.43333333333333335
1962,Bulgaria,0,0,25.0,1.16,1.56,0.48
1962,Mexico,0,0,29.0,1.5172413793103448,1.5172413793103448,0.41379310344827586
1962,Italy,0,1,19.0,2.1052631578947367,1.5263157894736843,0.3684210526315789
1966,England,1,0,44.0,2.3636363636363638,1.3409090909090908,0.5681818181818182
1966,Brazil,0,3,49.0,2.2244897959183674,1.163265306122449,0.6326530612244898
1966,Germany,1,1,29.0,2.2413793103448274,1.0689655172413792,0.5517241379310345
1966,North Korea,0,0,11.0,4.090909090909091,0.36363636363636365,0.9090909090909091
1966,Argentina,0,0,34.0,1.9705882352941178,1.0294117647058822,0.5294117647058824
1966,Chile,0,0,31.0,1.2903225806451613,1.2580645161290323,0.3548387096774194
1966,France,0,0,31.0,1.4516129032258065,1.3548387096774193,0.3548387096774194
1966,Hungary,0,1,38.0,1.8421052631578947,1.1842105263157894,0.5263157894736842
1966,Spain,0,0,21.0,1.5238095238095237,1.1904761904761905,0.42857142857142855
1966,Bulgaria,0,0,28.0,1.2857142857142858,1.3214285714285714,0.39285714285714285
1966,Italy,0,1,27.0,2.0,0.7037037037037037,0.5925925925925926
1966,Mexico,0,0,27.0,2.2222222222222223,0.5925925925925926,0.6666666666666666
1966,Portugal,1,0,21.0,1.3333333333333333,1.380952380952381,0.42857142857142855
1970,Mexico,0,0,72.0,1.3333333333333333,1.0416666666666667,0.3888888888888889
1970,Bulgaria,0,0,35.0,1.4857142857142858,1.457142857142857,0.37142857142857144
1970,England,0,0,50.0,1.94,0.6,0.68
1970,Israel,0,0,27.0,2.037037037037037,1.4814814814814814,0.37037037037037035
1970,Belgium,0,0,25.0,1.76,1.32,0.52
1970,Brazil,1,3,56.0,2.3035714285714284,1.0535714285714286,0.6785714285714286
1970,Germany,1,2,44.0,2.0681818181818183,0.7045454545454546,0.6136363636363636
1970,Italy,1,1,30.0,2.033333333333333,0.6666666666666666,0.6
1970,Czechoslovakia,0,1,28.0,1.6785714285714286,0.9642857142857143,0.5714285714285714
1970,Morocco,0,0,23.0,1.0434782608695652,1.173913043478261,0.391304347826087
1970,El Salvador,0,0,26.0,1.3461538461538463,1.3461538461538463,0.5
1970,Sweden,0,1,40.0,1.825,1.25,0.525
1970,Russia,0,0,56.0,1.6785714285714286,0.9285714285714286,0.5357142857142857
1974,Brazil,0,4,44.0,1.9090909090909092,0.7045454545454546,0.7045454545454546
1974,DR Congo,0,0,36.0,2.0833333333333335,0.9722222222222222,0.5833333333333334
1974,German DR,0,0,40.0,1.9,0.675,0.65
1974,Germany,1,3,45.0,2.1777777777777776,0.8222222222222222,0.6888888888888889
1974,Italy,0,2,34.0,1.7058823529411764,0.7941176470588235,0.5294117647058824
1974,Poland,1,0,39.0,1.794871794871795,0.8717948717948718,0.5641025641025641
1974,Sweden,0,1,38.0,1.5,0.9473684210526315,0.5263157894736842
1974,Uruguay,0,1,36.0,1.0,0.9444444444444444,0.3611111111111111
1974,Chile,0,0,36.0,1.6388888888888888,1.6111111111111112,0.4166666666666667
1974,Scotland,0,0,36.0,0.8611111111111112,0.9722222222222222,0.3611111111111111
1974,Yugoslavia,0,0,40.0,1.6,1.1,0.4
1974,Argentina,0,0,41.0,1.6341463414634145,1.2926829268292683,0.4634146341463415
1974,Bulgaria,0,0,47.0,1.9361702127659575,1.4042553191489362,0.425531914893617
1974,Haiti,0,0,42.0,1.880952380952381,0.9523809523809523,0.47619047619047616
1974,Netherlands,1,0,24.0,2.75,0.6666666666666666,0.625
1974,Australia,0,0,29.0,2.1724137931034484,1.0344827586206897,0.5517241379310345
1978,Germany,0,4,44.0,1.9545454545454546,0.75,0.6363636363636364
1978,Argentina,1,0,51.0,1.9607843137254901,1.1372549019607843,0.5294117647058824
1978,France,0,0,31.0,1.4516129032258065,0.8064516129032258,0.45161290322580644
1978,Mexico,0,0,31.0,1.967741935483871,0.9032258064516129,0.5161290322580645
1978,Austria,0,0,33.0,1.4242424242424243,0.7878787878787878,0.48484848484848486
1978,Brazil,1,4,51.0,1.803921568627451,0.47058823529411764,0.6666666666666666
1978,Iran,0,0,38.0,1.6842105263157894,0.6052631578947368,0.5789473684210527
1978,Peru,0,0,35.0,1.3714285714285714,1.2,0.42857142857142855
1978,Hungary,0,1,44.0,1.7954545454545454,1.2954545454545454,0.5227272727272727
1978,Poland,0,0,51.0,2.1372549019607843,1.1568627450980393,0.5882352941176471
1978,Netherlands,1,0,35.0,2.057142857142857,0.7428571428571429,0.6857142857142857
1978,Spain,0,0,22.0,1.2727272727272727,0.6818181818181818,0.5454545454545454
1978,Italy,0,2,36.0,1.8055555555555556,0.9722222222222222,0.4722222222222222
1982,Argentina,0,1,42.0,1.7857142857142858,0.9761904761904762,0.5238095238095238
1982,Brazil,0,5,50.0,2.14,0.68,0.66
1982,Italy,1,2,42.0,1.2142857142857142,0.9047619047619048,0.47619047619047616
1982,Hungary,0,1,40.0,1.55,1.5,0.4
1982,Peru,0,0,38.0,1.0789473684210527,1.3421052631578947,0.34210526315789475
1982,Scotland,0,0,41.0,1.1219512195121952,1.2682926829268293,0.36585365853658536
1982,England,0,0,45.0,1.7333333333333334,0.8222222222222222,0.6
1982,Germany,1,4,49.0,2.3469387755102042,0.8979591836734694,0.6530612244897959
1982,Spain,0,0,44.0,1.25,0.9545454545454546,0.38636363636363635
1982,Chile,0,0,32.0,1.21875,0.71875,0.4375
1982,Czechoslovakia,0,1,49.0,1.5714285714285714,1.0612244897959184,0.3877551020408163
1982,Yugoslavia,0,0,24.0,2.375,1.0,0.7083333333333334
1982,Belgium,0,0,32.0,1.4375,0.84375,0.53125
1982,Poland,1,0,53.0,1.679245283018868,0.9245283018867925,0.5471698113207547
1982,Russia,0,0,45.0,2.2,0.7111111111111111,0.7111111111111111
1982,Algeria,0,0,46.0,1.5217391304347827,0.9565217391304348,0.5
1982,France,0,0,34.0,2.0588235294117645,1.0,0.5882352941176471
1982,Honduras,0,0,27.0,1.4074074074074074,0.7407407407407407,0.48148148148148145
1982,Austria,0,0,37.0,1.5675675675675675,1.1081081081081081,0.5405405405405406
1986,Bulgaria,0,0,46.0,1.5434782608695652,1.2608695652173914,0.34782608695652173
1986,Canada,0,0,36.0,0.8611111111111112,1.3611111111111112,0.3333333333333333
1986,Spain,0,0,42.0,1.6428571428571428,0.7857142857142857,0.5238095238095238
1986,Argentina,1,1,44.0,1.1363636363636365,0.8863636363636364,0.3409090909090909
1986,Morocco,0,0,35.0,1.0857142857142856,0.7428571428571429,0.34285714285714286
1986,Russia,0,0,44.0,1.5227272727272727,0.7727272727272727,0.5454545454545454
1986,Algeria,0,0,54.0,1.5185185185185186,1.1666666666666667,0.42592592592592593
1986,Mexico,0,0,49.0,1.510204081632653,0.8367346938775511,0.5306122448979592
1986,Portugal,0,0,33.0,1.303030303030303,1.4848484848484849,0.45454545454545453
1986,Paraguay,0,0,39.0,1.3076923076923077,0.9743589743589743,0.38461538461538464
1986,Scotland,0,0,39.0,1.3846153846153846,1.0,0.4358974358974359
1986,Uruguay,0,1,47.0,1.446808510638298,0.851063829787234,0.48936170212765956
1986,France,1,0,41.0,1.829268292682927,0.8048780487804879,0.6097560975609756
1986,Italy,0,3,40.0,1.25,0.925,0.4
1986,South Korea,0,0,57.0,1.912280701754386,0.7368421052631579,0.543859649122807
1986,Brazil,0,5,46.0,1.826086956521739,0.8913043478260869,0.5217391304347826
1986,England,0,0,55.0,1.8,0.4909090909090909,0.5818181818181818
1986,Hungary,0,1,42.0,2.0238095238095237,1.119047619047619,0.5238095238095238
1986,Northern Ireland,0,0,36.0,0.8611111111111112,0.9444444444444444,0.3611111111111111
1986,Poland,0,1,47.0,1.2340425531914894,1.1063829787234043,0.3617021276595745
1986,Denmark,0,0,42.0,1.5714285714285714,1.1428571428571428,0.47619047619047616
1986,Germany,1,5,52.0,1.7115384615384615,1.0576923076923077,0.5384615384615384
1986,Iraq,0,0,40.0,1.675,0.925,0.55
1990,Argentina,1,2,39.0,0.9743589743589743,1.0769230769230769,0.3076923076923077
1990,Italy,1,3,44.0,1.4090909090909092,0.5454545454545454,0.5681818181818182
1990,Russia,0,0,56.0,1.4107142857142858,0.8571428571428571,0.4642857142857143
1990,United Arab Emirates,0,0,59.0,1.305084745762712,1.0847457627118644,0.423728813559322
1990,Brazil,0,5,55.0,1.8727272727272728,0.7090909090909091,0.6363636363636364
1990,Germany,1,6,45.0,1.4444444444444444,0.8,0.5111111111111111
1990,United States,0,0,39.0,1.0769230769230769,1.0512820512820513,0.41025641025641024
1990,Costa Rica,0,0,24.0,1.125,1.125,0.4166666666666667
1990,England,0,0,49.0,1.5918367346938775,0.6326530612244898,0.5306122448979592
1990,Belgium,0,0,38.0,1.631578947368421,1.2105263157894737,0.39473684210526316
1990,Netherlands,0,1,38.0,1.5,0.631578947368421,0.5263157894736842
1990,Uruguay,0,1,46.0,1.391304347826087,0.9130434782608695,0.45652173913043476
1990,Cameroon,0,0,49.0,1.4285714285714286,0.7959183673469388,0.5918367346938775
1990,Yugoslavia,0,0,35.0,1.6285714285714286,1.0285714285714285,0.4857142857142857
1990,Austria,0,0,38.0,1.368421052631579,1.4473684210526316,0.3684210526315789
1990,Sweden,0,1,42.0,1.619047619047619,0.8095238095238095,0.5476190476190477
1990,Ireland,0,0,37.0,1.2702702702702702,0.43243243243243246,0.5405405405405406
1990,South Korea,0,0,56.0,1.8214285714285714,0.7321428571428571,0.5535714285714286
1990,Czechoslovakia,0,1,41.0,1.3170731707317074,0.8536585365853658,0.5121951219512195
1990,Spain,0,0,43.0,1.8372093023255813,0.9534883720930233,0.5581395348837209
1994,Germany,0,7,50.0,1.9,0.98,0.6
1994,Spain,0,0,40.0,1.8,0.95,0.5
1994,Colombia,0,0,53.0,1.150943396226415,0.7547169811320755,0.39622641509433965
1994,Italy,1,4,43.0,1.5348837209302326,0.5348837209302325,0.5813953488372093
1994,United States,0,0,109.0,1.238532110091743,1.201834862385321,0.3302752293577982
1994,Belgium,0,0,32.0,1.34375,0.90625,0.4375
1994,Cameroon,0,0,69.0,1.1014492753623188,0.855072463768116,0.391304347826087
1994,Norway,0,0,45.0,1.8444444444444446,0.8222222222222222,0.4666666666666667
1994,Brazil,1,5,57.0,1.7894736842105263,0.9122807017543859,0.5087719298245614
1994,Netherlands,0,1,42.0,1.880952380952381,0.8809523809523809,0.47619047619047616
1994,Argentina,0,3,55.0,1.3818181818181818,0.8727272727272727,0.4727272727272727
1994,Nigeria,0,0,53.0,1.6603773584905661,0.7358490566037735,0.5283018867924528
1994,Romania,0,0,50.0,1.72,1.0,0.54
1994,South Korea,0,0,61.0,1.6229508196721312,0.7049180327868853,0.47540983606557374
1994,Mexico,0,0,73.0,1.8904109589041096,0.9452054794520548,0.4657534246575342
1994,Sweden,1,1,51.0,1.803921568627451,1.1176470588235294,0.47058823529411764
1994,Saudi Arabia,0,0,49.0,1.816326530612245,0.8775510204081632,0.5306122448979592
1994,Bulgaria,0,0,34.0,1.5,1.2352941176470589,0.35294117647058826
1994,Switzerland,0,0,40.0,2.1,0.9,0.6
1994,Bolivia,0,0,40.0,1.075,1.25,0.225
1994,Ireland,0,0,45.0,1.4444444444444444,0.7111111111111111,0.4888888888888889
1994,Russia,0,0,62.0,1.5161290322580645,0.967741935483871,0.46774193548387094
1994,Morocco,0,0,40.0,1.45,0.675,0.5
1994,Greece,0,0,37.0,1.3243243243243243,1.0,0.43243243243243246
1998,Brazil,1,6,73.0,2.4657534246575343,0.684931506849315,0.7671232876712328
1998,Morocco,0,0,49.0,1.7551020408163265,0.7551020408163265,0.5306122448979592
1998,Cameroon,0,0,59.0,1.1694915254237288,1.3220338983050848,0.3389830508474576
1998,Italy,0,5,47.0,1.5106382978723405,0.723404255319149,0.574468085106383
1998,France,1,1,44.0,1.6818181818181819,0.5227272727272727,0.5909090909090909
1998,Paraguay,0,0,46.0,1.3043478260869565,1.0,0.45652173913043476
1998,Saudi Arabia,0,0,92.0,1.5108695652173914,1.184782608695652,0.5
1998,South Korea,0,0,84.0,1.880952380952381,1.130952380952381,0.47619047619047616
1998,Netherlands,0,1,45.0,2.066666666666667,0.7555555555555555,0.5777777777777777
1998,Spain,0,0,43.0,1.9534883720930232,0.6976744186046512,0.5813953488372093
1998,Argentina,0,3,57.0,1.7017543859649122,0.8771929824561403,0.5263157894736842
1998,Jamaica,0,0,86.0,1.5116279069767442,0.9302325581395349,0.47674418604651164
1998,Serbia,0,0,36.0,2.0833333333333335,0.7777777777777778,0.5833333333333334
1998,England,0,0,44.0,1.4545454545454546,0.4772727272727273,0.5454545454545454
1998,Germany,0,7,58.0,2.0344827586206895,0.7241379310344828,0.6896551724137931
1998,Romania,0,0,47.0,1.9787234042553192,0.8936170212765957,0.5531914893617021
1998,Scotland,0,0,39.0,1.205128205128205,0.717948717948718,0.48717948717948717
1998,Chile,0,0,54.0,1.6851851851851851,1.3148148148148149,0.4444444444444444
1998,South Africa,0,0,46.0,1.2826086956521738,1.0,0.43478260869565216
1998,Nigeria,0,0,41.0,1.2682926829268293,1.0975609756097562,0.3902439024390244
1998,Belgium,0,0,37.0,1.5135135135135136,1.2162162162162162,0.43243243243243246
1998,Japan,0,0,74.0,2.189189189189189,1.2972972972972974,0.47297297297297297
1998,United States,0,0,86.0,1.3255813953488371,1.0465116279069768,0.3953488372093023
1998,Colombia,0,0,67.0,1.2686567164179106,1.0,0.417910447761194
2002,France,0,2,64.0,1.9375,0.75,0.65625
2002,Germany,1,7,59.0,2.1186440677966103,1.1355932203389831,0.5423728813559322
2002,Ireland,0,0,40.0,1.675,0.8,0.525
2002,Uruguay,0,1,46.0,1.2608695652173914,1.1304347826086956,0.391304347826087
2002,Argentina,0,3,51.0,1.9019607843137254,0.803921568627451,0.6470588235294118
2002,England,0,0,50.0,1.54,0.82,0.42
2002,Paraguay,0,0,63.0,1.3015873015873016,1.2380952380952381,0.36507936507936506
2002,Spain,0,0,46.0,2.4565217391304346,0.8913043478260869,0.6086956521739131
2002,Brazil,1,7,78.0,2.1666666666666665,0.8589743589743589,0.5897435897435898
2002,Croatia,0,0,48.0,1.5416666666666667,0.8958333333333334,0.4583333333333333
2002,Italy,0,5,47.0,1.425531914893617,0.6595744680851063,0.5531914893617021
2002,China,0,0,60.0,2.2333333333333334,0.8333333333333334,0.5333333333333333
2002,Japan,0,0,64.0,1.5625,0.984375,0.421875
2002,South Korea,0,0,84.0,1.3928571428571428,1.0,0.4166666666666667
2002,Russia,0,0,43.0,1.4883720930232558,1.0465116279069768,0.46511627906976744
2002,United States,0,0,74.0,1.4324324324324325,0.7972972972972973,0.4864864864864865
2002,Cameroon,0,0,56.0,1.4464285714285714,0.6607142857142857,0.5357142857142857
2002,Denmark,0,0,50.0,1.46,1.04,0.46
2002,Sweden,0,2,54.0,1.2592592592592593,0.6296296296296297,0.48148148148148145
2002,South Africa,0,0,74.0,1.1891891891891893,0.9324324324324325,0.44594594594594594
2002,Costa Rica,0,0,59.0,1.8983050847457628,1.1694915254237288,0.4745762711864407
2002,Mexico,0,0,98.0,1.653061224489796,1.1122448979591837,0.5
2002,Portugal,0,0,43.0,2.5348837209302326,0.8372093023255814,0.6511627906976745
2002,Tunisia,0,0,64.0,1.640625,0.984375,0.4375
2002,Saudi Arabia,0,0,89.0,1.8314606741573034,1.0337078651685394,0.5617977528089888
2002,Senegal,0,0,60.0,1.3333333333333333,0.7666666666666667,0.45
2002,Nigeria,0,0,54.0,1.5,1.037037037037037,0.5370370370370371
2002,Slovenia,0,0,49.0,1.4081632653061225,1.2653061224489797,0.3877551020408163
2002,Ecuador,0,0,51.0,1.1568627450980393,1.0980392156862746,0.39215686274509803
2002,Turkey,1,0,39.0,1.205128205128205,1.0769230769230769,0.38461538461538464
2002,Belgium,0,0,50.0,1.54,1.0,0.4
2002,Poland,0,1,48.0,1.4375,1.0833333333333333,0.4791666666666667
2006,Germany,1,8,64.0,2.21875,1.1875,0.53125
2006,Poland,0,1,60.0,1.8666666666666667,1.1166666666666667,0.5833333333333334
2006,Argentina,0,3,57.0,1.8070175438596492,1.0526315789473684,0.5789473684210527
2006,England,0,0,51.0,1.803921568627451,1.0,0.5686274509803921
2006,Trinidad and Tobago,0,0,75.0,1.3733333333333333,1.28,0.44
2006,Angola,0,0,48.0,1.2708333333333333,1.0416666666666667,0.3958333333333333
2006,Mexico,0,0,78.0,1.8205128205128205,0.7692307692307693,0.5769230769230769
2006,Serbia,0,0,44.0,1.2045454545454546,1.1136363636363635,0.3409090909090909
2006,Australia,0,0,34.0,2.8529411764705883,0.9411764705882353,0.6470588235294118
2006,Italy,1,5,52.0,1.5384615384615385,0.7884615384615384,0.5384615384615384
2006,United States,0,0,79.0,1.759493670886076,0.7088607594936709,0.6075949367088608
2006,Brazil,0,8,69.0,2.217391304347826,0.782608695652174,0.6086956521739131
2006,France,1,2,56.0,1.9285714285714286,0.5357142857142857,0.625
2006,South Korea,0,0,83.0,1.5060240963855422,0.7469879518072289,0.43373493975903615
2006,Spain,0,0,51.0,1.9607843137254901,0.5686274509803921,0.6078431372549019
2006,Tunisia,0,0,59.0,1.3220338983050848,0.9152542372881356,0.4406779661016949
2006,Ecuador,0,0,63.0,1.0952380952380953,1.2857142857142858,0.36507936507936506
2006,Sweden,0,2,60.0,1.8666666666666667,1.0333333333333334,0.38333333333333336
2006,Netherlands,0,1,48.0,1.8541666666666667,0.6041666666666666,0.6041666666666666
2006,Czech Republic,0,0,49.0,2.3877551020408165,0.8163265306122449,0.7142857142857143
2006,Portugal,0,0,53.0,2.1132075471698113,0.8490566037735849,0.5660377358490566
2006,Japan,0,0,78.0,1.5897435897435896,0.9487179487179487,0.5128205128205128
2006,Saudi Arabia,0,0,80.0,1.5875,1.025,0.4875
2006,Togo,0,0,36.0,1.1944444444444444,1.1111111111111112,0.4444444444444444
2006,Costa Rica,0,0,74.0,1.4054054054054055,1.364864864864865,0.40540540540540543
2006,Paraguay,0,0,55.0,1.1636363636363636,1.1636363636363636,0.36363636363636365
2006,Iran,0,0,53.0,2.2452830188679247,0.9056603773584906,0.6415094339622641
2006,Ivory Coast,0,0,40.0,1.65,0.975,0.5
2006,Croatia,0,0,51.0,1.5098039215686274,0.8823529411764706,0.49019607843137253
2006,Ghana,0,0,45.0,1.2666666666666666,0.9777777777777777,0.3333333333333333
2006,Switzerland,0,0,42.0,1.5476190476190477,1.2142857142857142,0.40476190476190477
2006,Ukraine,0,0,42.0,1.0714285714285714,0.9047619047619048,0.35714285714285715
2010,South Africa,0,0,76.0,1.0789473684210527,0.7894736842105263,0.42105263157894735
2010,Uruguay,0,1,49.0,1.5918367346938775,1.0408163265306123,0.4489795918367347
2010,Argentina,0,3,56.0,1.7678571428571428,1.0,0.5892857142857143
2010,England,0,0,50.0,2.2,0.72,0.66
2010,South Korea,0,0,69.0,1.391304347826087,0.782608695652174,0.4782608695652174
2010,Algeria,0,0,40.0,1.075,1.15,0.45
2010,Germany,1,9,60.0,2.45,0.8,0.6833333333333333
2010,Serbia,0,0,48.0,1.6041666666666667,1.0208333333333333,0.4791666666666667
2010,Italy,0,6,55.0,1.5272727272727273,0.8363636363636363,0.5454545454545454
2010,Japan,0,0,77.0,1.7662337662337662,0.8701298701298701,0.5194805194805194
2010,Netherlands,1,1,54.0,1.7222222222222223,0.6111111111111112,0.6666666666666666
2010,Brazil,0,8,59.0,2.0508474576271185,0.6440677966101694,0.711864406779661
2010,Ivory Coast,0,0,61.0,1.8688524590163935,0.9344262295081968,0.5081967213114754
2010,New Zealand,0,0,30.0,1.1666666666666667,1.7,0.36666666666666664
2010,Honduras,0,0,64.0,1.734375,0.953125,0.59375
2010,Spain,1,0,60.0,2.1666666666666665,0.6333333333333333,0.8333333333333334
2010,France,0,3,58.0,1.4310344827586208,0.7241379310344828,0.5689655172413793
2010,Greece,0,0,47.0,1.446808510638298,1.0638297872340425,0.48936170212765956
2010,Slovenia,0,0,39.0,1.2307692307692308,1.1538461538461537,0.38461538461538464
2010,Cameroon,0,0,46.0,1.7391304347826086,0.8913043478260869,0.5434782608695652
2010,Ghana,0,0,61.0,1.3934426229508197,1.0491803278688525,0.4918032786885246
2010,Slovakia,0,0,44.0,1.8636363636363635,1.5,0.4090909090909091
2010,Chile,0,0,64.0,1.359375,1.0625,0.53125
2010,Portugal,0,0,54.0,1.6851851851851851,0.7962962962962963,0.5555555555555556
2010,Mexico,0,0,82.0,1.7682926829268293,0.9512195121951219,0.573170731707317
2010,Nigeria,0,0,49.0,1.2653061224489797,0.6326530612244898,0.5510204081632653
2010,Australia,0,0,51.0,1.3725490196078431,0.7647058823529411,0.5098039215686274
2010,United States,0,0,73.0,1.7671232876712328,1.1917808219178083,0.5616438356164384
2010,Denmark,0,0,43.0,1.4883720930232558,0.9534883720930233,0.46511627906976744
2010,Paraguay,0,0,56.0,1.0178571428571428,1.0892857142857142,0.32142857142857145
2010,North Korea,0,0,55.0,1.6,0.7454545454545455,0.38181818181818183
2010,Switzerland,0,0,46.0,1.5217391304347827,1.0217391304347827,0.4782608695652174
2014,Brazil,0,8,61.0,2.278688524590164,0.7049180327868853,0.6721311475409836
2014,Chile,0,0,59.0,1.6610169491525424,1.1016949152542372,0.5254237288135594
2014,Mexico,0,0,78.0,1.7179487179487178,0.8846153846153846,0.5512820512820513
2014,Spain,0,0,64.0,2.234375,0.671875,0.765625
2014,Colombia,0,0,42.0,1.3571428571428572,0.6666666666666666,0.5
2014,England,0,0,48.0,1.9166666666666667,0.875,0.5833333333333334
2014,Ivory Coast,0,0,53.0,1.9245283018867925,0.9433962264150944,0.6037735849056604
2014,Uruguay,0,1,58.0,1.8793103448275863,1.1379310344827587,0.5
2014,Argentina,1,3,59.0,2.0,0.9322033898305084,0.6101694915254238
2014,France,0,3,54.0,1.4259259259259258,0.7777777777777778,0.5
2014,Switzerland,0,0,41.0,1.3414634146341464,0.9512195121951219,0.4634146341463415
2014,Germany,1,10,58.0,2.4827586206896552,1.103448275862069,0.6724137931034483
2014,Ghana,0,0,64.0,1.46875,0.859375,0.5
2014,Iran,0,0,56.0,1.8392857142857142,0.6607142857142857,0.6071428571428571
2014,Belgium,0,0,41.0,1.7073170731707317,1.048780487804878,0.4878048780487805
2014,Russia,0,0,44.0,1.5,0.5909090909090909,0.5227272727272727
2014,Australia,0,0,57.0,1.8070175438596492,1.1929824561403508,0.5087719298245614
2014,Cameroon,0,0,53.0,1.3962264150943395,1.0754716981132075,0.39622641509433965
2014,Japan,0,0,66.0,1.6515151515151516,1.0454545454545454,0.5303030303030303
2014,Honduras,0,0,68.0,1.1323529411764706,1.25,0.3235294117647059
2014,Italy,0,6,58.0,1.4482758620689655,1.0689655172413792,0.3793103448275862
2014,Nigeria,0,0,63.0,1.6507936507936507,0.9047619047619048,0.4603174603174603
2014,South Korea,0,0,65.0,1.5538461538461539,1.1692307692307693,0.49230769230769234
2014,United States,0,0,69.0,1.5217391304347827,1.144927536231884,0.5217391304347826
2014,Croatia,0,0,46.0,1.5217391304347827,0.8478260869565217,0.5434782608695652
2014,Netherlands,1,2,56.0,2.3214285714285716,0.875,0.6428571428571429
2014,Costa Rica,0,0,69.0,1.173913043478261,1.0579710144927537,0.36231884057971014
2014,Greece,0,0,49.0,1.1224489795918366,0.8367346938775511,0.5102040816326531
2014,Bosnia and Herzegovina,0,0,40.0,1.825,1.225,0.5
2014,Ecuador,0,0,48.0,1.5,1.1875,0.375
2014,Algeria,0,0,44.0,1.1818181818181819,1.0454545454545454,0.4772727272727273
2014,Portugal,0,0,51.0,1.9607843137254901,0.9215686274509803,0.5294117647058824
2018,Russia,0,0,48.0,1.5,1.1875,0.375
2018,Egypt,0,0,43.0,1.255813953488372,0.6046511627906976,0.5581395348837209
2018,Morocco,0,0,43.0,1.5348837209302326,0.5116279069767442,0.5581395348837209
2018,Portugal,0,0,57.0,1.9649122807017543,0.7894736842105263,0.631578947368421
2018,France,1,3,56.0,2.0892857142857144,0.8392857142857143,0.6785714285714286
2018,Argentina,0,4,57.0,1.894736842105263,0.7719298245614035,0.5964912280701754
2018,Peru,0,0,50.0,1.46,1.04,0.5
2018,Croatia,1,0,47.0,1.851063829787234,0.7446808510638298,0.574468085106383
2018,Costa Rica,0,0,55.0,1.3272727272727274,1.1636363636363636,0.4
2018,Germany,0,11,59.0,2.288135593220339,0.847457627118644,0.6271186440677966
2018,Brazil,0,8,53.0,2.0943396226415096,0.6792452830188679,0.6981132075471698
2018,Sweden,0,2,51.0,1.4901960784313726,0.9019607843137255,0.43137254901960786
2018,Belgium,1,0,49.0,2.5510204081632653,0.8775510204081632,0.7142857142857143
2018,Tunisia,0,0,46.0,1.434782608695652,0.9347826086956522,0.4782608695652174
2018,Colombia,0,0,50.0,1.5,0.88,0.48
2018,Poland,0,1,43.0,2.116279069767442,0.9302325581395349,0.5581395348837209
2018,Uruguay,0,1,47.0,1.5319148936170213,1.0425531914893618,0.5106382978723404
2018,Iran,0,0,51.0,1.7843137254901962,0.6078431372549019,0.6078431372549019
2018,Denmark,0,0,41.0,1.5121951219512195,0.9512195121951219,0.4146341463414634
2018,Nigeria,0,0,43.0,1.2790697674418605,0.9302325581395349,0.4186046511627907
2018,Serbia,0,0,38.0,1.4210526315789473,1.2105263157894737,0.4473684210526316
2018,South Korea,0,0,64.0,1.515625,0.984375,0.546875
2018,England,0,0,49.0,1.6938775510204083,0.673469387755102,0.5918367346938775
2018,Japan,0,0,56.0,2.0892857142857144,1.0357142857142858,0.5535714285714286
2018,Saudi Arabia,0,0,52.0,1.8653846153846154,1.2884615384615385,0.5
2018,Spain,0,0,48.0,2.2916666666666665,0.7291666666666666,0.6666666666666666
2018,Australia,0,0,50.0,1.72,1.24,0.42
2018,Iceland,0,0,53.0,1.5849056603773586,1.2264150943396226,0.4716981132075472
2018,Mexico,0,0,73.0,1.6164383561643836,0.9726027397260274,0.547945205479452
2018,Switzerland,0,0,45.0,1.8666666666666667,0.8666666666666667,0.6222222222222222
2018,Senegal,0,0,47.0,1.574468085106383,0.5957446808510638,0.574468085106383
2018,Panama,0,0,52.0,1.1153846153846154,1.25,0.3269230769230769
2022,Qatar,0,0,63.0,1.746031746031746,1.0952380952380953,0.5555555555555556
2022,Senegal,0,0,53.0,1.471698113207547,0.6037735849056604,0.6037735849056604
2022,England,0,0,56.0,2.4285714285714284,0.6071428571428571,0.6964285714285714
2022,United States,0,0,61.0,1.901639344262295,0.7704918032786885,0.6065573770491803
2022,Argentina,1,4,52.0,1.7692307692307692,0.8076923076923077,0.5961538461538461
2022,Mexico,0,0,69.0,1.608695652173913,0.9130434782608695,0.5942028985507246
2022,Denmark,0,0,53.0,1.9811320754716981,0.6981132075471698,0.5660377358490566
2022,France,1,4,55.0,2.2,0.8181818181818182,0.7090909090909091
2022,Germany,0,11,49.0,2.326530612244898,1.163265306122449,0.5306122448979592
2022,Spain,0,0,52.0,2.3076923076923075,0.7884615384615384,0.5769230769230769
2022,Morocco,0,0,52.0,1.75,0.6346153846153846,0.6153846153846154
2022,Belgium,0,0,54.0,2.6666666666666665,0.7777777777777778,0.7592592592592593
2022,Switzerland,0,0,51.0,1.9411764705882353,1.0196078431372548,0.45098039215686275
2022,Brazil,0,8,55.0,2.0727272727272728,0.36363636363636365,0.7272727272727273
2022,Uruguay,0,1,47.0,1.4042553191489362,0.9361702127659575,0.5106382978723404
2022,Portugal,0,0,51.0,2.0784313725490198,0.8431372549019608,0.5686274509803921
2022,Netherlands,0,3,46.0,2.217391304347826,0.8913043478260869,0.5652173913043478
2022,Wales,0,0,45.0,1.1777777777777778,0.9111111111111111,0.4666666666666667
2022,Poland,0,1,48.0,1.8125,1.0625,0.4583333333333333
2022,Tunisia,0,0,58.0,1.4137931034482758,0.8103448275862069,0.5344827586206896
2022,Japan,0,0,57.0,2.087719298245614,0.8421052631578947,0.631578947368421
2022,Croatia,1,1,53.0,1.6981132075471699,1.3584905660377358,0.4716981132075472
2022,Cameroon,0,0,40.0,1.3,0.675,0.475
2022,South Korea,0,0,55.0,1.6181818181818182,0.7272727272727273,0.5818181818181818
2022,Ecuador,0,0,44.0,1.4090909090909092,1.2727272727272727,0.36363636363636365
2022,Iran,0,0,44.0,2.1136363636363638,0.5227272727272727,0.7045454545454546
2022,Saudi Arabia,0,0,58.0,1.3275862068965518,1.0689655172413792,0.4482758620689655
2022,Australia,0,0,35.0,2.0285714285714285,0.7714285714285715,0.5428571428571428
2022,Costa Rica,0,0,56.0,0.9464285714285714,1.1607142857142858,0.32142857142857145
2022,Canada,0,0,41.0,2.8292682926829267,0.6585365853658537,0.7073170731707317
2022,Serbia,0,0,47.0,1.702127659574468,1.127659574468085,0.48936170212765956
2022,Ghana,0,0,33.0,1.2121212121212122,0.8181818181818182,0.42424242424242425
2026,Mexico,0,0,76.0,1.381578947368421,0.881578947368421,0.5
2026,South Korea,0,0,60.0,1.9833333333333334,0.9833333333333333,0.5666666666666667
2026,Canada,0,0,56.0,1.4642857142857142,1.0,0.44642857142857145
2026,United States,0,0,69.0,1.8115942028985508,1.0724637681159421,0.4782608695652174
2026,Qatar,0,0,60.0,1.4166666666666667,1.4,0.4
2026,Brazil,0,8,49.0,2.020408163265306,0.9591836734693877,0.5306122448979592
2026,Haiti,0,0,37.0,2.3513513513513513,1.162162162162162,0.5135135135135135
2026,Australia,0,0,50.0,1.72,0.8,0.58
2026,Germany,0,11,51.0,2.0588235294117645,1.2156862745098038,0.5098039215686274
2026,Ivory Coast,0,0,55.0,1.8,0.7636363636363637,0.6
2026,Netherlands,0,3,51.0,2.372549019607843,1.0588235294117647,0.5882352941176471
2026,Sweden,0,2,45.0,1.8444444444444446,1.4222222222222223,0.5111111111111111
2026,Belgium,0,0,48.0,2.0416666666666665,0.9583333333333334,0.5
2026,Iran,0,0,50.0,1.96,0.86,0.64
2026,Spain,0,0,52.0,2.519230769230769,0.8076923076923077,0.6923076923076923
2026,Saudi Arabia,0,0,72.0,1.0416666666666667,1.0277777777777777,0.375
2026,France,0,5,53.0,2.1320754716981134,0.9056603773584906,0.6226415094339622
2026,Iraq,0,0,57.0,1.368421052631579,0.8947368421052632,0.543859649122807
2026,Argentina,0,5,53.0,2.2830188679245285,0.4528301886792453,0.7924528301886793
2026,Austria,0,0,46.0,2.0217391304347827,0.9565217391304348,0.5652173913043478
2026,Portugal,0,0,52.0,2.5,0.7884615384615384,0.6730769230769231
2026,Uzbekistan,0,0,50.0,1.76,0.68,0.6
2026,England,0,0,52.0,2.0,0.7307692307692307,0.5961538461538461
2026,Ghana,0,0,51.0,1.2352941176470589,1.3333333333333333,0.3137254901960784
2026,Czech Republic,0,0,46.0,1.7391304347826086,1.2173913043478262,0.45652173913043476
2026,Switzerland,0,0,51.0,1.7254901960784315,1.2549019607843137,0.4117647058823529
2026,Scotland,0,0,46.0,1.5434782608695652,1.434782608695652,0.41304347826086957
2026,Turkey,0,0,47.0,1.9148936170212767,1.3617021276595744,0.574468085106383
2026,Ecuador,0,0,51.0,1.0,0.6470588235294118,0.39215686274509803
2026,Tunisia,0,0,61.0,1.360655737704918,0.639344262295082,0.5081967213114754
2026,New Zealand,0,0,42.0,1.9523809523809523,0.9761904761904762,0.42857142857142855
2026,Uruguay,0,1,51.0,1.4509803921568627,0.6666666666666666,0.47058823529411764
2026,Norway,0,0,42.0,2.4761904761904763,1.0,0.5952380952380952
2026,Jordan,0,0,59.0,1.728813559322034,1.2372881355932204,0.4915254237288136
2026,Colombia,0,0,49.0,1.816326530612245,0.8367346938775511,0.5918367346938775
2026,Panama,0,0,69.0,1.5217391304347827,1.2753623188405796,0.463768115942029
2026,South Africa,0,0,58.0,1.4137931034482758,0.896551724137931,0.43103448275862066
2026,Bosnia and Herzegovina,0,0,40.0,1.175,1.6,0.325
2026,Morocco,0,0,69.0,1.9275362318840579,0.4927536231884058,0.7101449275362319
2026,Paraguay,0,0,43.0,0.8604651162790697,1.1627906976744187,0.32558139534883723
2026,Curaçao,0,0,38.0,1.605263157894737,1.4210526315789473,0.34210526315789475
2026,Japan,0,0,56.0,2.5535714285714284,0.6964285714285714,0.6785714285714286
2026,Egypt,0,0,61.0,1.4918032786885247,0.7049180327868853,0.5573770491803278
2026,Cape Verde,0,0,50.0,1.3,0.94,0.46
2026,Senegal,0,0,64.0,1.828125,0.671875,0.640625
2026,Algeria,0,0,61.0,1.9836065573770492,0.7377049180327869,0.6557377049180327
2026,DR Congo,0,0,50.0,1.18,0.68,0.48
2026,Croatia,0,2,51.0,1.7254901960784315,0.9411764705882353,0.5490196078431373
1930,United States,1,0,3.0,3.6666666666666665,5.333333333333333,0.3333333333333333
1930,Mexico,0,0,2.0,1.0,5.0,0.0
1930,Yugoslavia,0,0,21.0,2.142857142857143,2.4761904761904763,0.42857142857142855
1930,Romania,0,0,13.0,3.0,1.8461538461538463,0.6153846153846154
1934,Sweden,0,0,38.0,2.8157894736842106,1.8421052631578947,0.5263157894736842
1934,France,0,0,36.0,1.8888888888888888,2.5277777777777777,0.2777777777777778
1934,Spain,0,0,18.0,2.6666666666666665,1.0,0.6111111111111112
1934,Romania,0,0,20.0,3.1,2.05,0.6
1934,Hungary,0,0,41.0,2.097560975609756,2.024390243902439,0.3902439024390244
1934,United States,0,0,6.0,2.5,3.1666666666666665,0.5
1934,Switzerland,0,0,35.0,1.7142857142857142,2.7714285714285714,0.22857142857142856
1938,Switzerland,0,0,39.0,1.564102564102564,2.2564102564102564,0.28205128205128205
1938,Poland,0,0,26.0,2.3461538461538463,2.576923076923077,0.3076923076923077
1938,Romania,0,0,22.0,1.9545454545454546,2.272727272727273,0.36363636363636365
1938,Netherlands,0,0,25.0,3.32,1.8,0.56
1938,Belgium,0,0,31.0,1.6774193548387097,2.903225806451613,0.1935483870967742
1938,Indonesia,0,0,3.0,3.0,2.0,0.3333333333333333
1938,Norway,0,0,24.0,1.75,2.2916666666666665,0.3333333333333333
1938,Sweden,0,0,29.0,2.689655172413793,2.1724137931034484,0.5172413793103449
1950,United States,0,0,10.0,1.3,4.6,0.2
1950,Yugoslavia,0,0,20.0,2.75,1.45,0.65
1950,Uruguay,1,0,29.0,2.4482758620689653,2.0,0.4482758620689655
1954,Mexico,0,0,12.0,2.1666666666666665,2.0833333333333335,0.4166666666666667
1954,Uruguay,0,1,24.0,2.7916666666666665,1.75,0.5
1954,Yugoslavia,0,0,31.0,2.6451612903225805,1.3225806451612903,0.7096774193548387
1954,Turkey,0,0,14.0,1.6428571428571428,2.0,0.42857142857142855
1954,Italy,0,1,19.0,1.7894736842105263,1.105263157894737,0.47368421052631576
1958,Northern Ireland,0,0,18.0,1.2777777777777777,1.3333333333333333,0.2777777777777778
1958,Russia,0,0,24.0,3.375,0.9583333333333334,0.6666666666666666
1958,Wales,0,0,22.0,1.1818181818181819,1.5909090909090908,0.2727272727272727
1958,Yugoslavia,0,0,38.0,2.026315789473684,1.131578947368421,0.47368421052631576
1962,Switzerland,0,0,21.0,1.6666666666666667,2.6666666666666665,0.38095238095238093
1962,Spain,0,0,25.0,2.28,1.36,0.6
1962,Hungary,0,1,40.0,2.25,1.35,0.55
1962,Yugoslavia,0,0,36.0,2.638888888888889,1.5833333333333333,0.5555555555555556
1966,Uruguay,0,1,29.0,1.3793103448275863,1.6551724137931034,0.3448275862068966
1966,Switzerland,0,0,25.0,1.0,2.0,0.2
1966,Russia,0,0,40.0,1.8,0.925,0.525
1970,Peru,0,0,40.0,1.35,1.6,0.325
1970,Romania,0,0,34.0,1.2941176470588236,1.1764705882352942,0.35294117647058826
1970,Uruguay,0,1,39.0,1.2564102564102564,1.1025641025641026,0.41025641025641024
1978,Tunisia,0,0,46.0,1.2608695652173914,1.173913043478261,0.391304347826087
1978,Sweden,0,1,44.0,1.2954545454545454,1.1818181818181819,0.4318181818181818
1978,Scotland,0,0,42.0,1.619047619047619,0.9047619047619048,0.5238095238095238
1982,El Salvador,0,0,25.0,1.16,0.88,0.4
1982,Cameroon,0,0,31.0,1.5483870967741935,0.8387096774193549,0.41935483870967744
1982,New Zealand,0,0,43.0,2.0232558139534884,0.9534883720930233,0.5116279069767442
1982,Kuwait,0,0,41.0,1.853658536585366,1.0731707317073171,0.5609756097560976
1982,Northern Ireland,0,0,32.0,0.71875,1.28125,0.3125
1986,Belgium,0,0,35.0,1.2,1.2,0.42857142857142855
1990,Romania,0,0,43.0,1.7674418604651163,1.1627906976744187,0.4883720930232558
1990,Colombia,0,0,34.0,1.2352941176470589,0.6764705882352942,0.5294117647058824
1990,Scotland,0,0,39.0,0.9487179487179487,0.9743589743589743,0.3333333333333333
1990,Egypt,0,0,69.0,1.0289855072463767,0.7246376811594203,0.42028985507246375
1998,Norway,0,0,51.0,1.8235294117647058,0.6862745098039216,0.5294117647058824
1998,Austria,0,0,32.0,1.90625,1.28125,0.5625
1998,Bulgaria,0,0,44.0,1.7045454545454546,1.1590909090909092,0.4772727272727273
1998,Denmark,0,0,38.0,1.4736842105263157,0.8421052631578947,0.6052631578947368
1998,Mexico,0,0,84.0,1.6904761904761905,1.2261904761904763,0.42857142857142855
1998,Croatia,1,0,40.0,2.0,1.05,0.525
1998,Iran,0,0,50.0,2.38,0.72,0.52
1998,Tunisia,0,0,63.0,1.4126984126984128,0.9206349206349206,0.49206349206349204
